{"stats":{"minecraft:mined":{"minecraft:grass_block":2,"minecraft:dirt":1,"minecraft:fire":1},"minecraft:custom":{"minecraft:time_since_rest":10563,"minecraft:crouch_one_cm":3432,"minecraft:play_time":88117,"minecraft:sprint_one_cm":17454,"minecraft:deaths":25,"minecraft:damage_taken":4044,"minecraft:walk_one_cm":85298,"minecraft:sneak_time":2459,"minecraft:drop":1,"minecraft:jump":181,"minecraft:leave_game":19,"minecraft:time_since_death":10543,"minecraft:total_world_time":88117,"minecraft:fall_one_cm":19187,"minecraft:fly_one_cm":602336},"minecraft:picked_up":{"minecraft:cracked_stone_bricks":1,"minecraft:tnt_minecart":2,"minecraft:powered_rail":6,"minecraft:rail":8},"minecraft:used":{"minecraft:stone_bricks":7,"minecraft:cracked_stone_bricks":8,"minecraft:dirt":4,"minecraft:rail":18,"minecraft:tnt":62,"minecraft:flint_and_steel":127,"minecraft:stripped_oak_wood":3,"minecraft:grass_block":3,"minecraft:powered_rail":17,"minecraft:tnt_minecart":116},"minecraft:dropped":{"minecraft:tnt_minecart":1}},"DataVersion":2975}