{"stats":{"minecraft:mined":{"minecraft:fire":1,"minecraft:grass_block":2,"minecraft:dirt":1},"minecraft:custom":{"minecraft:time_since_rest":147633,"minecraft:sprint_one_cm":64577,"minecraft:damage_taken":4304,"minecraft:walk_one_cm":234636,"minecraft:drop":12,"minecraft:damage_dealt":100,"minecraft:fly_one_cm":1035041,"minecraft:crouch_one_cm":8382,"minecraft:play_time":225187,"minecraft:deaths":25,"minecraft:sneak_time":5701,"minecraft:jump":350,"minecraft:leave_game":24,"minecraft:time_since_death":147613,"minecraft:total_world_time":225187,"minecraft:fall_one_cm":20441},"minecraft:picked_up":{"minecraft:oak_stairs":4,"minecraft:stripped_spruce_wood":2,"minecraft:waxed_copper_block":2,"minecraft:redstone":2,"minecraft:end_crystal":1,"minecraft:dirt":1,"minecraft:tnt_minecart":2,"minecraft:cracked_stone_bricks":2,"minecraft:cut_copper":1,"minecraft:stripped_oak_wood":11,"minecraft:mossy_stone_bricks":1,"minecraft:powered_rail":6,"minecraft:spruce_trapdoor":9,"minecraft:rail":8,"minecraft:crimson_slab":1},"minecraft:used":{"minecraft:redstone_torch":3,"minecraft:sticky_piston":1,"minecraft:mossy_stone_bricks":17,"minecraft:end_rod":1,"minecraft:flint_and_steel":127,"minecraft:waxed_cut_copper":13,"minecraft:grass_block":123,"minecraft:oak_stairs":5,"minecraft:redstone":11,"minecraft:powered_rail":17,"minecraft:crimson_slab":5,"minecraft:tnt_minecart":120,"minecraft:polished_blackstone_brick_stairs":8,"minecraft:stone":14,"minecraft:spruce_trapdoor":21,"minecraft:redstone_block":15,"minecraft:stone_bricks":55,"minecraft:cracked_stone_bricks":20,"minecraft:repeater":5,"minecraft:dirt":12,"minecraft:rail":18,"minecraft:end_crystal":1,"minecraft:oak_slab":24,"minecraft:stripped_crimson_hyphae":3,"minecraft:tnt":73,"minecraft:stripped_oak_wood":15,"minecraft:spruce_stairs":4,"minecraft:gold_block":1,"minecraft:obsidian":9,"minecraft:stripped_spruce_wood":3},"minecraft:dropped":{"minecraft:dirt":1,"minecraft:crimson_slab":1,"minecraft:polished_blackstone_brick_stairs":1,"minecraft:spruce_trapdoor":2,"minecraft:mossy_stone_bricks":1,"minecraft:tnt_minecart":1,"minecraft:cut_copper":1,"minecraft:oak_stairs":4,"minecraft:cracked_stone_bricks":1,"minecraft:waxed_copper_block":2}},"DataVersion":2975}