{"stats":{"minecraft:mined":{"minecraft:fire":1,"minecraft:grass_block":2,"minecraft:dirt":1},"minecraft:custom":{"minecraft:time_since_rest":35107,"minecraft:sprint_one_cm":77066,"minecraft:damage_taken":4544,"minecraft:walk_one_cm":295463,"minecraft:drop":15,"minecraft:damage_dealt":130,"minecraft:fly_one_cm":1076558,"minecraft:crouch_one_cm":12443,"minecraft:play_time":260495,"minecraft:deaths":26,"minecraft:sneak_time":6776,"minecraft:jump":389,"minecraft:leave_game":25,"minecraft:time_since_death":35087,"minecraft:total_world_time":260495,"minecraft:fall_one_cm":20441},"minecraft:picked_up":{"minecraft:stone":1,"minecraft:emerald_block":1,"minecraft:oak_fence":1,"minecraft:oak_stairs":4,"minecraft:stripped_spruce_wood":2,"minecraft:waxed_copper_block":2,"minecraft:redstone":2,"minecraft:end_crystal":1,"minecraft:dirt":2,"minecraft:black_concrete":1,"minecraft:tnt_minecart":2,"minecraft:cracked_stone_bricks":2,"minecraft:cut_copper":1,"minecraft:warped_slab":1,"minecraft:stripped_oak_wood":11,"minecraft:mossy_stone_bricks":1,"minecraft:powered_rail":6,"minecraft:red_concrete":1,"minecraft:spruce_trapdoor":9,"minecraft:rail":8,"minecraft:crimson_slab":1},"minecraft:used":{"minecraft:redstone_torch":3,"minecraft:sticky_piston":1,"minecraft:mossy_stone_bricks":17,"minecraft:end_rod":1,"minecraft:black_concrete":7,"minecraft:light_gray_concrete":16,"minecraft:copper_block":25,"minecraft:flint_and_steel":127,"minecraft:red_stained_glass":19,"minecraft:waxed_cut_copper":13,"minecraft:grass_block":123,"minecraft:oak_stairs":5,"minecraft:powered_rail":17,"minecraft:redstone":11,"minecraft:crimson_slab":5,"minecraft:tnt_minecart":120,"minecraft:stone":16,"minecraft:polished_blackstone_brick_stairs":8,"minecraft:spruce_trapdoor":25,"minecraft:redstone_block":15,"minecraft:stone_bricks":55,"minecraft:cracked_stone_bricks":25,"minecraft:repeater":5,"minecraft:dirt":12,"minecraft:rail":18,"minecraft:stripped_crimson_hyphae":3,"minecraft:end_crystal":1,"minecraft:oak_slab":24,"minecraft:tnt":73,"minecraft:stripped_oak_wood":15,"minecraft:spruce_stairs":4,"minecraft:gold_block":1,"minecraft:white_concrete":13,"minecraft:stripped_spruce_wood":3,"minecraft:obsidian":9},"minecraft:dropped":{"minecraft:dirt":1,"minecraft:stone":1,"minecraft:crimson_slab":1,"minecraft:polished_blackstone_brick_stairs":1,"minecraft:spruce_trapdoor":2,"minecraft:mossy_stone_bricks":1,"minecraft:tnt_minecart":1,"minecraft:oak_fence":2,"minecraft:cut_copper":1,"minecraft:oak_stairs":4,"minecraft:cracked_stone_bricks":1,"minecraft:waxed_copper_block":2}},"DataVersion":2975}