{"stats":{"minecraft:mined":{"minecraft:grass_block":2,"minecraft:fire":1,"minecraft:dirt":1},"minecraft:dropped":{"minecraft:oak_fence":2,"minecraft:cracked_stone_bricks":1,"minecraft:red_stained_glass":1,"minecraft:waxed_copper_block":2,"minecraft:dirt":1,"minecraft:stone":1,"minecraft:crimson_slab":1,"minecraft:polished_blackstone_brick_stairs":1,"minecraft:spruce_trapdoor":2,"minecraft:mossy_stone_bricks":1,"minecraft:tnt_minecart":1,"minecraft:cut_copper":1,"minecraft:oak_stairs":4,"minecraft:birch_boat":1,"minecraft:black_concrete":2},"minecraft:picked_up":{"minecraft:oak_stairs":4,"minecraft:stripped_spruce_wood":2,"minecraft:waxed_copper_block":2,"minecraft:dirt":2,"minecraft:cracked_stone_bricks":2,"minecraft:tnt_minecart":2,"minecraft:warped_slab":1,"minecraft:stripped_oak_wood":11,"minecraft:mossy_stone_bricks":1,"minecraft:powered_rail":6,"minecraft:spruce_trapdoor":9,"minecraft:stone":1,"minecraft:emerald_block":1,"minecraft:oak_fence":1,"minecraft:redstone":2,"minecraft:end_crystal":1,"minecraft:red_stained_glass":1,"minecraft:black_concrete":3,"minecraft:cut_copper":1,"minecraft:red_concrete":1,"minecraft:rail":8,"minecraft:crimson_slab":1},"minecraft:custom":{"minecraft:leave_game":38,"minecraft:time_since_death":159883,"minecraft:time_since_rest":159903,"minecraft:damage_taken":4676,"minecraft:sprint_one_cm":87446,"minecraft:walk_one_cm":407763,"minecraft:drop":19,"minecraft:damage_dealt":200,"minecraft:fly_one_cm":1536289,"minecraft:crouch_one_cm":14207,"minecraft:play_time":385291,"minecraft:deaths":26,"minecraft:sneak_time":7899,"minecraft:boat_one_cm":481678,"minecraft:jump":445,"minecraft:total_world_time":385291,"minecraft:fall_one_cm":21494},"minecraft:used":{"minecraft:mossy_stone_bricks":17,"minecraft:end_rod":1,"minecraft:flint_and_steel":127,"minecraft:red_stained_glass":19,"minecraft:red_concrete":40,"minecraft:redstone":11,"minecraft:powered_rail":17,"minecraft:copper_block":25,"minecraft:birch_boat":13,"minecraft:stone":16,"minecraft:redstone_block":15,"minecraft:cracked_stone_bricks":25,"minecraft:dirt":12,"minecraft:rail":18,"minecraft:tnt":73,"minecraft:oak_slab":24,"minecraft:spruce_stairs":4,"minecraft:obsidian":9,"minecraft:redstone_torch":3,"minecraft:sticky_piston":1,"minecraft:packed_ice":8,"minecraft:black_concrete":62,"minecraft:waxed_cut_copper":13,"minecraft:light_gray_concrete":37,"minecraft:grass_block":125,"minecraft:oak_stairs":5,"minecraft:crimson_slab":5,"minecraft:tnt_minecart":120,"minecraft:polished_blackstone_brick_stairs":8,"minecraft:spruce_trapdoor":27,"minecraft:stone_bricks":55,"minecraft:repeater":5,"minecraft:end_crystal":1,"minecraft:stripped_crimson_hyphae":3,"minecraft:red_concrete_powder":4,"minecraft:stripped_oak_wood":15,"minecraft:gold_block":1,"minecraft:oak_boat":2,"minecraft:white_concrete":35,"minecraft:stripped_spruce_wood":3}},"DataVersion":2975}