{"stats":{"minecraft:mined":{"minecraft:grass_block":2,"minecraft:fire":1,"minecraft:dirt":1},"minecraft:custom":{"minecraft:leave_game":42,"minecraft:time_since_death":32368,"minecraft:time_since_rest":32388,"minecraft:walk_one_cm":521556,"minecraft:sprint_one_cm":111689,"minecraft:damage_taken":4956,"minecraft:drop":20,"minecraft:damage_dealt":538,"minecraft:fly_one_cm":2002999,"minecraft:crouch_one_cm":14821,"minecraft:play_time":515850,"minecraft:deaths":28,"minecraft:sneak_time":8884,"minecraft:boat_one_cm":780453,"minecraft:jump":524,"minecraft:total_world_time":515850,"minecraft:fall_one_cm":25337},"minecraft:used":{"minecraft:mossy_stone_bricks":18,"minecraft:end_rod":1,"minecraft:flint_and_steel":127,"minecraft:red_concrete":40,"minecraft:red_stained_glass":19,"minecraft:redstone":11,"minecraft:powered_rail":17,"minecraft:copper_block":25,"minecraft:stripped_warped_stem":4,"minecraft:birch_boat":19,"minecraft:stone":22,"minecraft:redstone_block":15,"minecraft:cracked_stone_bricks":27,"minecraft:dirt":12,"minecraft:rail":18,"minecraft:oak_slab":24,"minecraft:tnt":73,"minecraft:spruce_stairs":17,"minecraft:blue_ice":5,"minecraft:obsidian":9,"minecraft:redstone_torch":3,"minecraft:sticky_piston":1,"minecraft:green_concrete":1,"minecraft:packed_ice":9,"minecraft:black_concrete":84,"minecraft:light_gray_stained_glass":3,"minecraft:waxed_cut_copper":13,"minecraft:light_gray_concrete":37,"minecraft:grass_block":125,"minecraft:oak_stairs":5,"minecraft:warped_slab":2,"minecraft:crimson_slab":5,"minecraft:tnt_minecart":120,"minecraft:polished_blackstone_brick_stairs":8,"minecraft:spruce_trapdoor":28,"minecraft:stone_bricks":55,"minecraft:repeater":5,"minecraft:lime_concrete":4,"minecraft:stripped_crimson_hyphae":3,"minecraft:end_crystal":1,"minecraft:emerald_block":2,"minecraft:red_concrete_powder":4,"minecraft:stripped_oak_wood":15,"minecraft:acacia_wood":4,"minecraft:gold_block":1,"minecraft:oak_boat":2,"minecraft:white_concrete":35,"minecraft:stripped_spruce_wood":3},"minecraft:picked_up":{"minecraft:feather":32,"minecraft:clock":2,"minecraft:chicken":32,"minecraft:copper_block":1,"minecraft:oak_stairs":4,"minecraft:stripped_spruce_wood":2,"minecraft:waxed_copper_block":2,"minecraft:dirt":3,"minecraft:sticky_piston":2,"minecraft:cracked_stone_bricks":2,"minecraft:tnt_minecart":2,"minecraft:stripped_warped_stem":1,"minecraft:warped_slab":2,"minecraft:stripped_oak_wood":11,"minecraft:mossy_stone_bricks":1,"minecraft:powered_rail":6,"minecraft:spruce_trapdoor":10,"minecraft:egg":1,"minecraft:emerald_block":2,"minecraft:stone":3,"minecraft:red_concrete_powder":1,"minecraft:birch_boat":4,"minecraft:oak_fence":1,"minecraft:spruce_stairs":1,"minecraft:redstone":2,"minecraft:end_crystal":1,"minecraft:red_stained_glass":2,"minecraft:black_concrete":4,"minecraft:cut_copper":1,"minecraft:red_concrete":1,"minecraft:rail":8,"minecraft:crimson_slab":1},"minecraft:dropped":{"minecraft:oak_fence":2,"minecraft:cracked_stone_bricks":1,"minecraft:red_stained_glass":1,"minecraft:spruce_stairs":1,"minecraft:waxed_copper_block":2,"minecraft:dirt":1,"minecraft:stone":1,"minecraft:crimson_slab":1,"minecraft:spruce_trapdoor":2,"minecraft:polished_blackstone_brick_stairs":1,"minecraft:tnt_minecart":1,"minecraft:mossy_stone_bricks":1,"minecraft:cut_copper":1,"minecraft:oak_stairs":4,"minecraft:birch_boat":1,"minecraft:black_concrete":2}},"DataVersion":2975}