{"stats":{"minecraft:custom":{"minecraft:jump":50,"minecraft:time_since_rest":8165,"minecraft:deaths":2,"minecraft:crouch_one_cm":465,"minecraft:sprint_one_cm":3302,"minecraft:leave_game":1,"minecraft:play_time":51229,"minecraft:damage_taken":270,"minecraft:time_since_death":8145,"minecraft:walk_one_cm":14351,"minecraft:sneak_time":721,"minecraft:total_world_time":51229,"minecraft:fall_one_cm":569,"minecraft:fly_one_cm":422040},"minecraft:used":{"minecraft:cracked_stone_bricks":2,"minecraft:dirt":4,"minecraft:flint_and_steel":68,"minecraft:tnt":35}},"DataVersion":2975}