{"stats":{"minecraft:mined":{"minecraft:grass_block":2,"minecraft:dirt":1,"minecraft:fire":1},"minecraft:custom":{"minecraft:time_since_rest":2632,"minecraft:crouch_one_cm":2945,"minecraft:play_time":77437,"minecraft:sprint_one_cm":14429,"minecraft:deaths":24,"minecraft:damage_taken":3794,"minecraft:walk_one_cm":62833,"minecraft:sneak_time":2235,"minecraft:drop":1,"minecraft:jump":103,"minecraft:leave_game":18,"minecraft:time_since_death":2612,"minecraft:total_world_time":77437,"minecraft:fall_one_cm":18108,"minecraft:fly_one_cm":602142},"minecraft:picked_up":{"minecraft:cracked_stone_bricks":1,"minecraft:tnt_minecart":2,"minecraft:powered_rail":6,"minecraft:rail":8},"minecraft:used":{"minecraft:stone_bricks":7,"minecraft:cracked_stone_bricks":3,"minecraft:dirt":4,"minecraft:rail":18,"minecraft:tnt":62,"minecraft:flint_and_steel":127,"minecraft:grass_block":3,"minecraft:powered_rail":17,"minecraft:tnt_minecart":116},"minecraft:dropped":{"minecraft:tnt_minecart":1}},"DataVersion":2975}