{"stats":{"minecraft:mined":{"minecraft:fire":1},"minecraft:custom":{"minecraft:time_since_rest":22,"minecraft:crouch_one_cm":668,"minecraft:play_time":71575,"minecraft:sprint_one_cm":9998,"minecraft:deaths":22,"minecraft:damage_taken":2790,"minecraft:walk_one_cm":50733,"minecraft:sneak_time":1171,"minecraft:drop":1,"minecraft:jump":83,"minecraft:leave_game":11,"minecraft:time_since_death":0,"minecraft:total_world_time":71575,"minecraft:fall_one_cm":17141,"minecraft:fly_one_cm":586245},"minecraft:picked_up":{"minecraft:cracked_stone_bricks":1,"minecraft:tnt_minecart":2,"minecraft:powered_rail":6,"minecraft:rail":8},"minecraft:used":{"minecraft:cracked_stone_bricks":3,"minecraft:dirt":4,"minecraft:rail":18,"minecraft:tnt":62,"minecraft:flint_and_steel":123,"minecraft:powered_rail":17,"minecraft:tnt_minecart":116},"minecraft:dropped":{"minecraft:tnt_minecart":1}},"DataVersion":2975}