{"stats":{"minecraft:mined":{"minecraft:fire":1,"minecraft:grass_block":2,"minecraft:dirt":1},"minecraft:dropped":{"minecraft:crimson_slab":1,"minecraft:spruce_trapdoor":2,"minecraft:tnt_minecart":1,"minecraft:cut_copper":1,"minecraft:cracked_stone_bricks":1,"minecraft:waxed_copper_block":2},"minecraft:picked_up":{"minecraft:oak_stairs":4,"minecraft:stripped_spruce_wood":2,"minecraft:waxed_copper_block":2,"minecraft:redstone":1,"minecraft:end_crystal":1,"minecraft:cracked_stone_bricks":2,"minecraft:tnt_minecart":2,"minecraft:cut_copper":1,"minecraft:stripped_oak_wood":11,"minecraft:powered_rail":6,"minecraft:spruce_trapdoor":9,"minecraft:rail":8,"minecraft:crimson_slab":1},"minecraft:custom":{"minecraft:time_since_rest":110551,"minecraft:sprint_one_cm":47002,"minecraft:damage_taken":4244,"minecraft:walk_one_cm":186671,"minecraft:drop":8,"minecraft:damage_dealt":80,"minecraft:fly_one_cm":851467,"minecraft:crouch_one_cm":8022,"minecraft:play_time":188105,"minecraft:deaths":25,"minecraft:sneak_time":4845,"minecraft:jump":318,"minecraft:leave_game":22,"minecraft:time_since_death":110531,"minecraft:total_world_time":188105,"minecraft:fall_one_cm":19663},"minecraft:used":{"minecraft:sticky_piston":1,"minecraft:mossy_stone_bricks":13,"minecraft:end_rod":1,"minecraft:flint_and_steel":127,"minecraft:waxed_cut_copper":13,"minecraft:grass_block":75,"minecraft:oak_stairs":5,"minecraft:redstone":1,"minecraft:powered_rail":17,"minecraft:crimson_slab":3,"minecraft:tnt_minecart":120,"minecraft:polished_blackstone_brick_stairs":8,"minecraft:stone":13,"minecraft:spruce_trapdoor":21,"minecraft:redstone_block":15,"minecraft:stone_bricks":47,"minecraft:cracked_stone_bricks":19,"minecraft:dirt":5,"minecraft:rail":18,"minecraft:oak_slab":23,"minecraft:stripped_crimson_hyphae":3,"minecraft:tnt":73,"minecraft:stripped_oak_wood":15,"minecraft:spruce_stairs":4,"minecraft:gold_block":1}},"DataVersion":2975}