{"stats":{"minecraft:custom":{"minecraft:time_since_rest":5015,"minecraft:crouch_one_cm":630,"minecraft:play_time":66130,"minecraft:sprint_one_cm":7435,"minecraft:deaths":19,"minecraft:damage_taken":270,"minecraft:walk_one_cm":32206,"minecraft:sneak_time":995,"minecraft:drop":1,"minecraft:jump":71,"minecraft:leave_game":4,"minecraft:time_since_death":4995,"minecraft:total_world_time":66130,"minecraft:fall_one_cm":778,"minecraft:fly_one_cm":561791},"minecraft:picked_up":{"minecraft:cracked_stone_bricks":1,"minecraft:tnt_minecart":2,"minecraft:powered_rail":3,"minecraft:rail":7},"minecraft:used":{"minecraft:cracked_stone_bricks":3,"minecraft:dirt":4,"minecraft:rail":18,"minecraft:flint_and_steel":68,"minecraft:tnt":62,"minecraft:powered_rail":17,"minecraft:tnt_minecart":116},"minecraft:dropped":{"minecraft:tnt_minecart":1}},"DataVersion":2975}