{"stats":{"minecraft:mined":{"minecraft:fire":1,"minecraft:grass_block":2,"minecraft:dirt":1},"minecraft:custom":{"minecraft:time_since_rest":131447,"minecraft:sprint_one_cm":84332,"minecraft:damage_taken":4676,"minecraft:walk_one_cm":400601,"minecraft:drop":18,"minecraft:damage_dealt":200,"minecraft:fly_one_cm":1176487,"minecraft:crouch_one_cm":13569,"minecraft:play_time":356835,"minecraft:boat_one_cm":32508,"minecraft:deaths":26,"minecraft:sneak_time":7385,"minecraft:jump":438,"minecraft:leave_game":36,"minecraft:time_since_death":131427,"minecraft:total_world_time":356835,"minecraft:fall_one_cm":21494},"minecraft:picked_up":{"minecraft:emerald_block":1,"minecraft:stone":1,"minecraft:oak_fence":1,"minecraft:oak_stairs":4,"minecraft:stripped_spruce_wood":2,"minecraft:waxed_copper_block":2,"minecraft:redstone":2,"minecraft:end_crystal":1,"minecraft:dirt":2,"minecraft:red_stained_glass":1,"minecraft:black_concrete":3,"minecraft:cracked_stone_bricks":2,"minecraft:tnt_minecart":2,"minecraft:cut_copper":1,"minecraft:warped_slab":1,"minecraft:stripped_oak_wood":11,"minecraft:mossy_stone_bricks":1,"minecraft:powered_rail":6,"minecraft:red_concrete":1,"minecraft:spruce_trapdoor":9,"minecraft:rail":8,"minecraft:crimson_slab":1},"minecraft:used":{"minecraft:redstone_torch":3,"minecraft:sticky_piston":1,"minecraft:mossy_stone_bricks":17,"minecraft:packed_ice":7,"minecraft:end_rod":1,"minecraft:black_concrete":62,"minecraft:red_concrete":40,"minecraft:flint_and_steel":127,"minecraft:light_gray_concrete":37,"minecraft:waxed_cut_copper":13,"minecraft:red_stained_glass":19,"minecraft:grass_block":124,"minecraft:oak_stairs":5,"minecraft:powered_rail":17,"minecraft:redstone":11,"minecraft:tnt_minecart":120,"minecraft:crimson_slab":5,"minecraft:copper_block":25,"minecraft:polished_blackstone_brick_stairs":8,"minecraft:stone":16,"minecraft:spruce_trapdoor":27,"minecraft:redstone_block":15,"minecraft:stone_bricks":55,"minecraft:cracked_stone_bricks":25,"minecraft:repeater":5,"minecraft:dirt":12,"minecraft:stripped_crimson_hyphae":3,"minecraft:rail":18,"minecraft:end_crystal":1,"minecraft:oak_slab":24,"minecraft:tnt":73,"minecraft:red_concrete_powder":4,"minecraft:stripped_oak_wood":15,"minecraft:spruce_stairs":4,"minecraft:oak_boat":2,"minecraft:gold_block":1,"minecraft:white_concrete":35,"minecraft:stripped_spruce_wood":3,"minecraft:obsidian":9},"minecraft:dropped":{"minecraft:dirt":1,"minecraft:stone":1,"minecraft:spruce_trapdoor":2,"minecraft:crimson_slab":1,"minecraft:polished_blackstone_brick_stairs":1,"minecraft:tnt_minecart":1,"minecraft:mossy_stone_bricks":1,"minecraft:oak_fence":2,"minecraft:cut_copper":1,"minecraft:oak_stairs":4,"minecraft:black_concrete":2,"minecraft:red_stained_glass":1,"minecraft:cracked_stone_bricks":1,"minecraft:waxed_copper_block":2}},"DataVersion":2975}