{"stats":{"minecraft:custom":{"minecraft:jump":44,"minecraft:time_since_rest":289,"minecraft:deaths":1,"minecraft:crouch_one_cm":295,"minecraft:sprint_one_cm":3302,"minecraft:leave_game":1,"minecraft:play_time":39238,"minecraft:damage_taken":270,"minecraft:time_since_death":269,"minecraft:walk_one_cm":10550,"minecraft:sneak_time":550,"minecraft:total_world_time":39238,"minecraft:fall_one_cm":569,"minecraft:fly_one_cm":304321},"minecraft:used":{"minecraft:cracked_stone_bricks":2,"minecraft:dirt":4,"minecraft:flint_and_steel":68,"minecraft:tnt":5}},"DataVersion":2975}