{"stats":{"minecraft:mined":{"minecraft:grass_block":2,"minecraft:fire":1,"minecraft:dirt":1},"minecraft:custom":{"minecraft:leave_game":41,"minecraft:time_since_death":247794,"minecraft:time_since_rest":247814,"minecraft:damage_taken":4676,"minecraft:sprint_one_cm":95276,"minecraft:walk_one_cm":466409,"minecraft:drop":19,"minecraft:damage_dealt":320,"minecraft:fly_one_cm":1984734,"minecraft:crouch_one_cm":14687,"minecraft:play_time":473202,"minecraft:deaths":26,"minecraft:sneak_time":8645,"minecraft:boat_one_cm":760467,"minecraft:jump":477,"minecraft:total_world_time":473202,"minecraft:fall_one_cm":25128},"minecraft:picked_up":{"minecraft:oak_stairs":4,"minecraft:stripped_spruce_wood":2,"minecraft:waxed_copper_block":2,"minecraft:dirt":2,"minecraft:cracked_stone_bricks":2,"minecraft:tnt_minecart":2,"minecraft:warped_slab":1,"minecraft:stripped_oak_wood":11,"minecraft:mossy_stone_bricks":1,"minecraft:powered_rail":6,"minecraft:spruce_trapdoor":9,"minecraft:stone":1,"minecraft:emerald_block":1,"minecraft:birch_boat":1,"minecraft:oak_fence":1,"minecraft:redstone":2,"minecraft:end_crystal":1,"minecraft:red_stained_glass":1,"minecraft:black_concrete":3,"minecraft:cut_copper":1,"minecraft:red_concrete":1,"minecraft:rail":8,"minecraft:crimson_slab":1},"minecraft:used":{"minecraft:mossy_stone_bricks":17,"minecraft:end_rod":1,"minecraft:flint_and_steel":127,"minecraft:red_stained_glass":19,"minecraft:red_concrete":40,"minecraft:redstone":11,"minecraft:powered_rail":17,"minecraft:copper_block":25,"minecraft:birch_boat":18,"minecraft:stone":16,"minecraft:redstone_block":15,"minecraft:cracked_stone_bricks":25,"minecraft:dirt":12,"minecraft:rail":18,"minecraft:tnt":73,"minecraft:oak_slab":24,"minecraft:spruce_stairs":4,"minecraft:blue_ice":5,"minecraft:obsidian":9,"minecraft:redstone_torch":3,"minecraft:sticky_piston":1,"minecraft:green_concrete":1,"minecraft:packed_ice":9,"minecraft:black_concrete":75,"minecraft:light_gray_stained_glass":3,"minecraft:waxed_cut_copper":13,"minecraft:light_gray_concrete":37,"minecraft:grass_block":125,"minecraft:oak_stairs":5,"minecraft:crimson_slab":5,"minecraft:tnt_minecart":120,"minecraft:polished_blackstone_brick_stairs":8,"minecraft:spruce_trapdoor":28,"minecraft:stone_bricks":55,"minecraft:repeater":5,"minecraft:lime_concrete":4,"minecraft:end_crystal":1,"minecraft:stripped_crimson_hyphae":3,"minecraft:emerald_block":1,"minecraft:red_concrete_powder":4,"minecraft:stripped_oak_wood":15,"minecraft:gold_block":1,"minecraft:oak_boat":2,"minecraft:white_concrete":35,"minecraft:stripped_spruce_wood":3},"minecraft:dropped":{"minecraft:oak_fence":2,"minecraft:cracked_stone_bricks":1,"minecraft:red_stained_glass":1,"minecraft:waxed_copper_block":2,"minecraft:dirt":1,"minecraft:stone":1,"minecraft:crimson_slab":1,"minecraft:polished_blackstone_brick_stairs":1,"minecraft:spruce_trapdoor":2,"minecraft:mossy_stone_bricks":1,"minecraft:tnt_minecart":1,"minecraft:cut_copper":1,"minecraft:oak_stairs":4,"minecraft:birch_boat":1,"minecraft:black_concrete":2}},"DataVersion":2975}