{"stats":{"minecraft:mined":{"minecraft:birch_log":6,"minecraft:peony":3},"minecraft:dropped":{"minecraft:stripped_oak_wood":1,"minecraft:peony":3,"minecraft:spruce_trapdoor":1,"minecraft:birch_log":6},"minecraft:picked_up":{"minecraft:birch_log":6,"minecraft:peony":3,"minecraft:stripped_oak_wood":1,"minecraft:spruce_trapdoor":1,"minecraft:lantern":1},"minecraft:custom":{"minecraft:time_since_rest":38252,"minecraft:crouch_one_cm":12862,"minecraft:play_time":38252,"minecraft:sprint_one_cm":11388,"minecraft:damage_taken":10,"minecraft:walk_one_cm":18287,"minecraft:sneak_time":4217,"minecraft:drop":9,"minecraft:jump":66,"minecraft:leave_game":1,"minecraft:time_since_death":38252,"minecraft:total_world_time":38252,"minecraft:fly_one_cm":156468,"minecraft:fall_one_cm":753},"minecraft:used":{"minecraft:stone_bricks":407,"minecraft:cracked_stone_bricks":13,"minecraft:glass":132,"minecraft:mossy_stone_bricks":7,"minecraft:birch_slab":21,"minecraft:stripped_birch_log":29,"minecraft:spruce_stairs":19,"minecraft:stripped_crimson_hyphae":4,"minecraft:oak_slab":38,"minecraft:lantern":2,"minecraft:oak_stairs":21,"minecraft:stripped_oak_wood":50,"minecraft:polished_andesite":8,"minecraft:crimson_slab":6,"minecraft:gold_block":1,"minecraft:acacia_wood":83,"minecraft:stone":2,"minecraft:spruce_trapdoor":21,"minecraft:stripped_spruce_wood":13,"minecraft:birch_stairs":5}},"DataVersion":2975}