{"stats":{"minecraft:custom":{"minecraft:time_since_rest":25113,"minecraft:sprint_one_cm":32019,"minecraft:damage_taken":130,"minecraft:walk_one_cm":47898,"minecraft:drop":9,"minecraft:damage_dealt":34,"minecraft:fly_one_cm":419263,"minecraft:play_time":117556,"minecraft:crouch_one_cm":17045,"minecraft:deaths":1,"minecraft:sneak_time":9435,"minecraft:jump":163,"minecraft:leave_game":6,"minecraft:time_since_death":25093,"minecraft:total_world_time":117556,"minecraft:fall_one_cm":1993},"minecraft:mined":{"minecraft:birch_log":6,"minecraft:peony":3,"minecraft:dirt":1},"minecraft:dropped":{"minecraft:peony":3,"minecraft:spruce_trapdoor":1,"minecraft:stripped_oak_wood":1,"minecraft:birch_log":6},"minecraft:picked_up":{"minecraft:birch_log":6,"minecraft:redstone_block":1,"minecraft:oak_fence":1,"minecraft:gold_block":1,"minecraft:lantern":1,"minecraft:light_gray_concrete":1,"minecraft:sticky_piston":1,"minecraft:peony":3,"minecraft:stripped_warped_stem":1,"minecraft:white_concrete":1,"minecraft:stripped_oak_wood":1,"minecraft:spruce_trapdoor":1},"minecraft:used":{"minecraft:sticky_piston":2,"minecraft:glass":139,"minecraft:green_concrete":30,"minecraft:mossy_stone_bricks":7,"minecraft:black_concrete":81,"minecraft:red_concrete":40,"minecraft:stripped_birch_log":45,"minecraft:red_stained_glass":329,"minecraft:light_gray_concrete":12,"minecraft:birch_slab":41,"minecraft:yellow_stained_glass":47,"minecraft:lantern":2,"minecraft:oak_stairs":21,"minecraft:polished_andesite":9,"minecraft:warped_slab":5,"minecraft:crimson_slab":6,"minecraft:stripped_warped_stem":8,"minecraft:stone":3,"minecraft:spruce_trapdoor":21,"minecraft:redstone_block":1,"minecraft:stone_bricks":407,"minecraft:cracked_stone_bricks":13,"minecraft:orange_stained_glass":116,"minecraft:lime_concrete":103,"minecraft:yellow_terracotta":4,"minecraft:emerald_block":1,"minecraft:stripped_crimson_hyphae":4,"minecraft:oak_slab":39,"minecraft:blue_stained_glass":200,"minecraft:lime_stained_glass":122,"minecraft:stripped_oak_wood":65,"minecraft:spruce_stairs":19,"minecraft:white_stained_glass":40,"minecraft:gold_block":2,"minecraft:yellow_concrete":109,"minecraft:acacia_wood":83,"minecraft:white_concrete":43,"minecraft:stripped_spruce_wood":13,"minecraft:birch_stairs":10}},"DataVersion":2975}