{"stats":{"minecraft:mined":{"minecraft:birch_log":6,"minecraft:peony":3},"minecraft:dropped":{"minecraft:stripped_oak_wood":1,"minecraft:peony":3,"minecraft:spruce_trapdoor":1,"minecraft:birch_log":6},"minecraft:picked_up":{"minecraft:birch_log":6,"minecraft:peony":3},"minecraft:custom":{"minecraft:time_since_rest":18000,"minecraft:crouch_one_cm":10153,"minecraft:play_time":18000,"minecraft:sprint_one_cm":8697,"minecraft:damage_taken":10,"minecraft:walk_one_cm":10047,"minecraft:sneak_time":2628,"minecraft:drop":9,"minecraft:jump":33,"minecraft:time_since_death":18000,"minecraft:total_world_time":18000,"minecraft:fly_one_cm":53265,"minecraft:fall_one_cm":753},"minecraft:used":{"minecraft:stone_bricks":328,"minecraft:glass":132,"minecraft:oak_slab":24,"minecraft:oak_stairs":6,"minecraft:stripped_oak_wood":10,"minecraft:acacia_wood":73,"minecraft:spruce_trapdoor":21}},"DataVersion":2975}