{"stats":{"minecraft:mined":{"minecraft:birch_log":6,"minecraft:peony":3},"minecraft:custom":{"minecraft:time_since_rest":69587,"minecraft:sprint_one_cm":25269,"minecraft:damage_taken":30,"minecraft:walk_one_cm":34742,"minecraft:drop":9,"minecraft:fly_one_cm":275030,"minecraft:crouch_one_cm":15378,"minecraft:play_time":69587,"minecraft:sneak_time":7025,"minecraft:jump":118,"minecraft:leave_game":2,"minecraft:time_since_death":69587,"minecraft:total_world_time":69587,"minecraft:fall_one_cm":753},"minecraft:used":{"minecraft:glass":139,"minecraft:mossy_stone_bricks":7,"minecraft:black_concrete":8,"minecraft:birch_slab":41,"minecraft:lantern":2,"minecraft:stripped_birch_log":45,"minecraft:red_stained_glass":319,"minecraft:oak_stairs":21,"minecraft:polished_andesite":8,"minecraft:crimson_slab":6,"minecraft:stone":3,"minecraft:spruce_trapdoor":21,"minecraft:stone_bricks":407,"minecraft:cracked_stone_bricks":13,"minecraft:stripped_crimson_hyphae":4,"minecraft:oak_slab":39,"minecraft:blue_stained_glass":197,"minecraft:lime_stained_glass":103,"minecraft:stripped_oak_wood":65,"minecraft:spruce_stairs":19,"minecraft:white_stained_glass":40,"minecraft:acacia_wood":83,"minecraft:gold_block":1,"minecraft:stripped_spruce_wood":13,"minecraft:birch_stairs":10},"minecraft:picked_up":{"minecraft:birch_log":6,"minecraft:lantern":1,"minecraft:peony":3,"minecraft:stripped_oak_wood":1,"minecraft:spruce_trapdoor":1},"minecraft:dropped":{"minecraft:peony":3,"minecraft:spruce_trapdoor":1,"minecraft:stripped_oak_wood":1,"minecraft:birch_log":6}},"DataVersion":2975}