{"stats":{"minecraft:mined":{"minecraft:birch_log":6,"minecraft:peony":3},"minecraft:custom":{"minecraft:time_since_rest":91520,"minecraft:sprint_one_cm":29484,"minecraft:damage_taken":30,"minecraft:walk_one_cm":39157,"minecraft:drop":9,"minecraft:fly_one_cm":321732,"minecraft:crouch_one_cm":16017,"minecraft:play_time":91520,"minecraft:sneak_time":8366,"minecraft:jump":133,"minecraft:leave_game":3,"minecraft:time_since_death":91520,"minecraft:total_world_time":91520,"minecraft:fall_one_cm":753},"minecraft:used":{"minecraft:sticky_piston":2,"minecraft:glass":139,"minecraft:mossy_stone_bricks":7,"minecraft:black_concrete":15,"minecraft:light_gray_concrete":12,"minecraft:yellow_stained_glass":47,"minecraft:birch_slab":41,"minecraft:lantern":2,"minecraft:stripped_birch_log":45,"minecraft:red_stained_glass":329,"minecraft:oak_stairs":21,"minecraft:polished_andesite":8,"minecraft:warped_slab":5,"minecraft:crimson_slab":6,"minecraft:stripped_warped_stem":8,"minecraft:stone":3,"minecraft:spruce_trapdoor":21,"minecraft:redstone_block":1,"minecraft:stone_bricks":407,"minecraft:cracked_stone_bricks":13,"minecraft:orange_stained_glass":116,"minecraft:emerald_block":1,"minecraft:stripped_crimson_hyphae":4,"minecraft:oak_slab":39,"minecraft:blue_stained_glass":200,"minecraft:lime_stained_glass":122,"minecraft:stripped_oak_wood":65,"minecraft:spruce_stairs":19,"minecraft:white_stained_glass":40,"minecraft:acacia_wood":83,"minecraft:gold_block":2,"minecraft:white_concrete":17,"minecraft:stripped_spruce_wood":13,"minecraft:birch_stairs":10},"minecraft:picked_up":{"minecraft:birch_log":6,"minecraft:lantern":1,"minecraft:peony":3,"minecraft:stripped_oak_wood":1,"minecraft:spruce_trapdoor":1},"minecraft:dropped":{"minecraft:peony":3,"minecraft:spruce_trapdoor":1,"minecraft:stripped_oak_wood":1,"minecraft:birch_log":6}},"DataVersion":2975}