{"stats":{"minecraft:mined":{"minecraft:birch_log":6,"minecraft:peony":3},"minecraft:dropped":{"minecraft:stripped_oak_wood":1,"minecraft:peony":3,"minecraft:spruce_trapdoor":1,"minecraft:birch_log":6},"minecraft:picked_up":{"minecraft:birch_log":6,"minecraft:peony":3,"minecraft:stripped_oak_wood":1,"minecraft:spruce_trapdoor":1,"minecraft:lantern":1},"minecraft:custom":{"minecraft:time_since_rest":30000,"minecraft:crouch_one_cm":12179,"minecraft:play_time":30000,"minecraft:sprint_one_cm":10203,"minecraft:damage_taken":10,"minecraft:walk_one_cm":15791,"minecraft:sneak_time":3620,"minecraft:drop":9,"minecraft:jump":58,"minecraft:time_since_death":30000,"minecraft:total_world_time":30000,"minecraft:fly_one_cm":117108,"minecraft:fall_one_cm":753},"minecraft:used":{"minecraft:stone_bricks":407,"minecraft:cracked_stone_bricks":13,"minecraft:glass":132,"minecraft:mossy_stone_bricks":7,"minecraft:stripped_crimson_hyphae":4,"minecraft:oak_slab":28,"minecraft:lantern":2,"minecraft:oak_stairs":16,"minecraft:stripped_oak_wood":19,"minecraft:polished_andesite":8,"minecraft:crimson_slab":6,"minecraft:gold_block":1,"minecraft:acacia_wood":73,"minecraft:stone":2,"minecraft:spruce_trapdoor":21,"minecraft:stripped_spruce_wood":13}},"DataVersion":2975}