{"stats":{"minecraft:mined":{"minecraft:birch_log":6,"minecraft:peony":3},"minecraft:dropped":{"minecraft:peony":3,"minecraft:birch_log":6},"minecraft:picked_up":{"minecraft:peony":3,"minecraft:birch_log":6},"minecraft:custom":{"minecraft:jump":22,"minecraft:time_since_rest":6000,"minecraft:crouch_one_cm":2193,"minecraft:sprint_one_cm":7672,"minecraft:play_time":6000,"minecraft:damage_taken":10,"minecraft:time_since_death":6000,"minecraft:walk_one_cm":1347,"minecraft:sneak_time":577,"minecraft:total_world_time":6000,"minecraft:drop":7,"minecraft:fall_one_cm":753,"minecraft:fly_one_cm":13739},"minecraft:used":{"minecraft:stone_bricks":62}},"DataVersion":2975}