{"stats":{"minecraft:mined":{"minecraft:acacia_slab":1,"minecraft:birch_log":6,"minecraft:peony":3,"minecraft:dirt":1},"minecraft:crafted":{"minecraft:emerald":9},"minecraft:custom":{"minecraft:mob_kills":3,"minecraft:open_barrel":3,"minecraft:leave_game":20,"minecraft:time_since_death":2689,"minecraft:time_since_rest":2709,"minecraft:damage_taken":2808,"minecraft:sprint_one_cm":155975,"minecraft:walk_one_cm":325180,"minecraft:drop":9,"minecraft:damage_dealt":2697,"minecraft:player_kills":2,"minecraft:fly_one_cm":620661,"minecraft:crouch_one_cm":50544,"minecraft:play_time":202196,"minecraft:deaths":3,"minecraft:sneak_time":11496,"minecraft:jump":816,"minecraft:total_world_time":202196,"minecraft:fall_one_cm":10617},"minecraft:killed":{"minecraft:trader_llama":2},"minecraft:used":{"minecraft:stripped_acacia_wood":5,"minecraft:mossy_stone_bricks":7,"minecraft:netherite_sword":11,"minecraft:red_stained_glass":329,"minecraft:stripped_birch_log":45,"minecraft:red_concrete":40,"minecraft:polished_andesite":9,"minecraft:copper_block":2,"minecraft:stripped_warped_stem":8,"minecraft:stone":4,"minecraft:redstone_block":1,"minecraft:cracked_stone_bricks":13,"minecraft:orange_stained_glass":116,"minecraft:diamond_block":1,"minecraft:yellow_terracotta":4,"minecraft:oak_slab":39,"minecraft:blue_stained_glass":200,"minecraft:spruce_stairs":19,"minecraft:yellow_concrete":109,"minecraft:obsidian":1,"minecraft:creeper_spawn_egg":6,"minecraft:sticky_piston":2,"minecraft:glass":139,"minecraft:green_concrete":30,"minecraft:black_concrete":114,"minecraft:birch_slab":41,"minecraft:light_gray_concrete":12,"minecraft:yellow_stained_glass":47,"minecraft:lantern":2,"minecraft:oak_stairs":21,"minecraft:crimson_slab":6,"minecraft:warped_slab":5,"minecraft:acacia_slab":5,"minecraft:netherite_axe":10,"minecraft:spruce_trapdoor":21,"minecraft:stone_bricks":407,"minecraft:lime_concrete":103,"minecraft:bow":4,"minecraft:end_crystal":1,"minecraft:stripped_crimson_hyphae":4,"minecraft:emerald_block":2,"minecraft:lime_stained_glass":122,"minecraft:stripped_oak_wood":65,"minecraft:white_stained_glass":40,"minecraft:acacia_wood":83,"minecraft:gold_block":2,"minecraft:white_concrete":43,"minecraft:stripped_spruce_wood":13,"minecraft:birch_stairs":10},"minecraft:picked_up":{"minecraft:birch_log":6,"minecraft:redstone_block":1,"minecraft:ender_chest":1,"minecraft:leather":1,"minecraft:lead":2,"minecraft:gold_block":1,"minecraft:enchanted_book":1,"minecraft:lantern":1,"minecraft:sticky_piston":1,"minecraft:stripped_warped_stem":1,"minecraft:stripped_oak_wood":1,"minecraft:spruce_trapdoor":1,"minecraft:emerald_block":1,"minecraft:oak_fence":1,"minecraft:diamond_block":1,"minecraft:end_crystal":1,"minecraft:shulker_box":1,"minecraft:netherite_block":1,"minecraft:light_gray_concrete":1,"minecraft:peony":3,"minecraft:black_concrete":7,"minecraft:iron_block":1,"minecraft:white_concrete":1,"minecraft:acacia_slab":1},"minecraft:dropped":{"minecraft:spruce_trapdoor":1,"minecraft:peony":3,"minecraft:stripped_oak_wood":1,"minecraft:birch_log":6}},"DataVersion":2975}