{"stats":{"minecraft:mined":{"minecraft:birch_log":6,"minecraft:peony":3},"minecraft:custom":{"minecraft:time_since_rest":57587,"minecraft:crouch_one_cm":14391,"minecraft:play_time":57587,"minecraft:sprint_one_cm":25035,"minecraft:damage_taken":30,"minecraft:walk_one_cm":29885,"minecraft:sneak_time":5728,"minecraft:drop":9,"minecraft:jump":105,"minecraft:leave_game":2,"minecraft:time_since_death":57587,"minecraft:total_world_time":57587,"minecraft:fall_one_cm":753,"minecraft:fly_one_cm":228359},"minecraft:picked_up":{"minecraft:birch_log":6,"minecraft:peony":3,"minecraft:stripped_oak_wood":1,"minecraft:spruce_trapdoor":1,"minecraft:lantern":1},"minecraft:used":{"minecraft:stone_bricks":407,"minecraft:cracked_stone_bricks":13,"minecraft:glass":139,"minecraft:mossy_stone_bricks":7,"minecraft:black_concrete":8,"minecraft:red_stained_glass":197,"minecraft:stripped_birch_log":45,"minecraft:lantern":2,"minecraft:stripped_crimson_hyphae":4,"minecraft:oak_slab":39,"minecraft:birch_slab":41,"minecraft:oak_stairs":21,"minecraft:spruce_stairs":19,"minecraft:stripped_oak_wood":65,"minecraft:polished_andesite":8,"minecraft:gold_block":1,"minecraft:crimson_slab":6,"minecraft:acacia_wood":83,"minecraft:stone":2,"minecraft:spruce_trapdoor":21,"minecraft:stripped_spruce_wood":13,"minecraft:birch_stairs":10},"minecraft:dropped":{"minecraft:stripped_oak_wood":1,"minecraft:spruce_trapdoor":1,"minecraft:peony":3,"minecraft:birch_log":6}},"DataVersion":2975}