{"stats":{"minecraft:custom":{"minecraft:time_since_rest":24123,"minecraft:sprint_one_cm":13096,"minecraft:damage_taken":4050,"minecraft:walk_one_cm":71655,"minecraft:drop":10,"minecraft:fly_one_cm":100971,"minecraft:crouch_one_cm":2158,"minecraft:play_time":34626,"minecraft:deaths":7,"minecraft:sneak_time":765,"minecraft:jump":138,"minecraft:leave_game":8,"minecraft:time_since_death":24103,"minecraft:total_world_time":34626,"minecraft:fall_one_cm":36371},"minecraft:dropped":{"minecraft:repeater":1,"minecraft:mossy_stone_bricks":1,"minecraft:cracked_stone_bricks":1,"minecraft:grass_block":5,"minecraft:end_crystal":1,"minecraft:polished_andesite":1},"minecraft:picked_up":{"minecraft:ender_chest":1,"minecraft:repeater":1,"minecraft:waxed_copper_block":1,"minecraft:diamond_block":1,"minecraft:lantern":1,"minecraft:waxed_cut_copper_stairs":1,"minecraft:cut_copper":2},"minecraft:used":{"minecraft:redstone_torch":1,"minecraft:piston":4,"minecraft:mossy_stone_bricks":3,"minecraft:waxed_cut_copper":49,"minecraft:lantern":3,"minecraft:grass_block":72,"minecraft:polished_andesite":1,"minecraft:redstone":10,"minecraft:oak_sign":3,"minecraft:tnt_minecart":105,"minecraft:polished_blackstone_brick_stairs":20,"minecraft:spruce_trapdoor":2,"minecraft:waxed_copper_block":25,"minecraft:stripped_crimson_stem":8,"minecraft:repeater":2,"minecraft:rail":10,"minecraft:waxed_cut_copper_slab":2,"minecraft:end_crystal":11,"minecraft:waxed_cut_copper_stairs":13,"minecraft:experience_bottle":1,"minecraft:obsidian":16}},"DataVersion":2975}