{"stats":{"minecraft:dropped":{"minecraft:cracked_stone_bricks":1,"minecraft:repeater":1,"minecraft:grass_block":5,"minecraft:mossy_stone_bricks":1,"minecraft:end_crystal":1,"minecraft:polished_andesite":1},"minecraft:picked_up":{"minecraft:waxed_cut_copper_stairs":1,"minecraft:repeater":1,"minecraft:ender_chest":1,"minecraft:cut_copper":2,"minecraft:waxed_copper_block":1,"minecraft:diamond_block":1,"minecraft:lantern":1},"minecraft:custom":{"minecraft:time_since_rest":19707,"minecraft:crouch_one_cm":2158,"minecraft:play_time":30210,"minecraft:sprint_one_cm":11312,"minecraft:deaths":7,"minecraft:damage_taken":4050,"minecraft:walk_one_cm":66020,"minecraft:sneak_time":765,"minecraft:drop":10,"minecraft:jump":133,"minecraft:leave_game":5,"minecraft:time_since_death":19687,"minecraft:total_world_time":30210,"minecraft:fall_one_cm":36371,"minecraft:fly_one_cm":99995},"minecraft:used":{"minecraft:stripped_crimson_stem":8,"minecraft:redstone_torch":1,"minecraft:waxed_copper_block":25,"minecraft:piston":4,"minecraft:mossy_stone_bricks":3,"minecraft:repeater":2,"minecraft:rail":10,"minecraft:waxed_cut_copper_slab":2,"minecraft:end_crystal":11,"minecraft:waxed_cut_copper":49,"minecraft:grass_block":72,"minecraft:lantern":3,"minecraft:redstone":10,"minecraft:polished_andesite":1,"minecraft:oak_sign":3,"minecraft:tnt_minecart":105,"minecraft:waxed_cut_copper_stairs":13,"minecraft:polished_blackstone_brick_stairs":20,"minecraft:spruce_trapdoor":2,"minecraft:obsidian":16}},"DataVersion":2975}