{"stats":{"minecraft:mined":{"minecraft:stripped_warped_stem":3,"minecraft:spruce_stairs":4,"minecraft:sticky_piston":1,"minecraft:acacia_wood":4,"minecraft:cracked_stone_bricks":1,"minecraft:stone":3,"minecraft:warped_slab":2},"minecraft:crafted":{"minecraft:crafting_table":1,"minecraft:wooden_pickaxe":1,"minecraft:warped_planks":12,"minecraft:stick":8,"minecraft:stone_pickaxe":1},"minecraft:custom":{"minecraft:interact_with_crafting_table":3,"minecraft:leave_game":9,"minecraft:time_since_death":1670,"minecraft:time_since_rest":1690,"minecraft:sprint_one_cm":38203,"minecraft:damage_taken":7237,"minecraft:walk_one_cm":103429,"minecraft:drop":31,"minecraft:damage_dealt":2158,"minecraft:fly_one_cm":176886,"minecraft:crouch_one_cm":2169,"minecraft:play_time":56285,"minecraft:deaths":13,"minecraft:sneak_time":868,"minecraft:jump":800,"minecraft:total_world_time":56285,"minecraft:fall_one_cm":37995},"minecraft:used":{"minecraft:mossy_stone_bricks":3,"minecraft:redstone":10,"minecraft:polished_andesite":1,"minecraft:stone_pickaxe":4,"minecraft:oak_sign":3,"minecraft:wooden_pickaxe":3,"minecraft:stripped_crimson_stem":8,"minecraft:waxed_copper_block":25,"minecraft:rail":10,"minecraft:crafting_table":1,"minecraft:spruce_stairs":4,"minecraft:obsidian":17,"minecraft:redstone_torch":1,"minecraft:piston":4,"minecraft:waxed_cut_copper":49,"minecraft:lantern":3,"minecraft:grass_block":72,"minecraft:warped_slab":1,"minecraft:tnt_minecart":105,"minecraft:spruce_trapdoor":2,"minecraft:polished_blackstone_brick_stairs":20,"minecraft:repeater":2,"minecraft:waxed_cut_copper_slab":2,"minecraft:end_crystal":11,"minecraft:acacia_wood":3,"minecraft:waxed_cut_copper_stairs":13,"minecraft:experience_bottle":1},"minecraft:picked_up":{"minecraft:barrier":4,"minecraft:clock":2,"minecraft:repeater":1,"minecraft:ender_chest":1,"minecraft:acacia_wood":4,"minecraft:waxed_copper_block":1,"minecraft:lantern":1,"minecraft:item_frame":14,"minecraft:cracked_stone_bricks":1,"minecraft:stripped_warped_stem":3,"minecraft:warped_slab":2,"minecraft:mossy_stone_bricks":1,"minecraft:glow_item_frame":8,"minecraft:lime_concrete":2,"minecraft:spruce_stairs":4,"minecraft:diamond_block":1,"minecraft:netherite_block":1,"minecraft:waxed_cut_copper_stairs":1,"minecraft:cut_copper":2,"minecraft:iron_block":1,"minecraft:emerald":4,"minecraft:cobblestone":4},"minecraft:dropped":{"minecraft:enchanted_book":1,"minecraft:waxed_cut_copper_stairs":1,"minecraft:piston":1,"minecraft:emerald_block":1,"minecraft:diamond_block":1,"minecraft:ender_chest":1,"minecraft:cobblestone":1,"minecraft:lantern":2,"minecraft:cracked_stone_bricks":1,"minecraft:shulker_box":1,"minecraft:grass_block":6,"minecraft:polished_andesite":1,"minecraft:iron_block":2,"minecraft:netherite_block":2,"minecraft:repeater":2,"minecraft:mossy_stone_bricks":2,"minecraft:tnt_minecart":1,"minecraft:redstone_torch":1,"minecraft:end_crystal":2,"minecraft:redstone":1},"minecraft:killed_by":{"minecraft:player":2}},"DataVersion":2975}