{"stats":{"minecraft:custom":{"minecraft:jump":47,"minecraft:time_since_rest":12000,"minecraft:damage_dealt":34,"minecraft:crouch_one_cm":165,"minecraft:sprint_one_cm":4812,"minecraft:play_time":12000,"minecraft:time_since_death":12000,"minecraft:walk_one_cm":61651,"minecraft:sneak_time":97,"minecraft:total_world_time":12000,"minecraft:fly_one_cm":43039},"minecraft:used":{"minecraft:stone_bricks":156,"minecraft:cracked_stone_bricks":143,"minecraft:mossy_stone_bricks":145,"minecraft:stone":76,"minecraft:dirt":61,"minecraft:polished_andesite":159}},"DataVersion":2975}