{"stats":{"minecraft:custom":{"minecraft:time_since_rest":7820,"minecraft:crouch_one_cm":617,"minecraft:play_time":35961,"minecraft:sprint_one_cm":22901,"minecraft:walk_one_cm":110378,"minecraft:deaths":5,"minecraft:sneak_time":1015,"minecraft:jump":169,"minecraft:damage_dealt":34,"minecraft:time_since_death":7800,"minecraft:total_world_time":35961,"minecraft:fly_one_cm":215922},"minecraft:used":{"minecraft:stone_bricks":289,"minecraft:cracked_stone_bricks":226,"minecraft:mossy_stone_bricks":211,"minecraft:light":3,"minecraft:dirt":61,"minecraft:stripped_crimson_hyphae":10,"minecraft:oak_slab":6,"minecraft:lantern":1,"minecraft:stripped_oak_wood":4,"minecraft:oak_stairs":21,"minecraft:grass_block":4,"minecraft:polished_andesite":224,"minecraft:warped_slab":2,"minecraft:crimson_slab":7,"minecraft:gold_block":3,"minecraft:spruce_planks":3,"minecraft:stripped_oak_log":23,"minecraft:stone":110,"minecraft:spruce_trapdoor":62},"minecraft:picked_up":{"minecraft:stripped_oak_log":256,"minecraft:oak_slab":1,"minecraft:polished_andesite":7,"minecraft:stone_bricks":6,"minecraft:cracked_stone_bricks":3,"minecraft:tnt_minecart":1,"minecraft:oak_stairs":1,"minecraft:gold_block":2,"minecraft:mossy_stone_bricks":3,"minecraft:light":1,"minecraft:rail":1,"minecraft:spruce_trapdoor":256,"minecraft:crimson_slab":2,"minecraft:cobblestone":3}},"DataVersion":2975}