{"stats":{"minecraft:custom":{"minecraft:time_since_rest":43626,"minecraft:sprint_one_cm":42764,"minecraft:damage_taken":10,"minecraft:walk_one_cm":189537,"minecraft:damage_dealt":408,"minecraft:fly_one_cm":405024,"minecraft:open_barrel":2,"minecraft:crouch_one_cm":5629,"minecraft:play_time":87317,"minecraft:deaths":5,"minecraft:sneak_time":3743,"minecraft:jump":397,"minecraft:leave_game":4,"minecraft:time_since_death":59156,"minecraft:sleep_in_bed":1,"minecraft:total_world_time":87317,"minecraft:fall_one_cm":604},"minecraft:picked_up":{"minecraft:stripped_oak_log":256,"minecraft:oak_slab":1,"minecraft:tripwire_hook":1,"minecraft:oak_stairs":1,"minecraft:gold_block":3,"minecraft:light":1,"minecraft:barrel":2,"minecraft:flint_and_steel":1,"minecraft:tnt":2,"minecraft:polished_andesite":9,"minecraft:stone_bricks":6,"minecraft:cracked_stone_bricks":14,"minecraft:tnt_minecart":2,"minecraft:mossy_stone_bricks":3,"minecraft:powered_rail":1,"minecraft:spruce_trapdoor":256,"minecraft:cobblestone":6,"minecraft:rail":4,"minecraft:crimson_slab":8},"minecraft:used":{"minecraft:birch_fence":1,"minecraft:mossy_stone_bricks":214,"minecraft:light":3,"minecraft:stripped_dark_oak_wood":3,"minecraft:spruce_slab":7,"minecraft:lantern":2,"minecraft:grass_block":41,"minecraft:oak_stairs":47,"minecraft:polished_andesite":235,"minecraft:barrier":3,"minecraft:warped_slab":2,"minecraft:crimson_slab":16,"minecraft:spruce_planks":41,"minecraft:stone":119,"minecraft:spruce_trapdoor":121,"minecraft:structure_void":1,"minecraft:barrel":13,"minecraft:stone_bricks":642,"minecraft:cracked_stone_bricks":231,"minecraft:debug_stick":17,"minecraft:tripwire_hook":1,"minecraft:dirt":61,"minecraft:stripped_crimson_hyphae":15,"minecraft:oak_slab":24,"minecraft:stripped_oak_wood":41,"minecraft:spruce_stairs":100,"minecraft:acacia_wood":9,"minecraft:gold_block":4,"minecraft:white_bed":1,"minecraft:stripped_oak_log":23,"minecraft:stripped_spruce_wood":61}},"DataVersion":2975}