{"stats":{"minecraft:custom":{"minecraft:time_since_rest":23243,"minecraft:sprint_one_cm":35492,"minecraft:damage_taken":10,"minecraft:walk_one_cm":139945,"minecraft:damage_dealt":408,"minecraft:fly_one_cm":374846,"minecraft:crouch_one_cm":2453,"minecraft:play_time":66934,"minecraft:deaths":5,"minecraft:sneak_time":2315,"minecraft:jump":265,"minecraft:leave_game":3,"minecraft:time_since_death":38773,"minecraft:sleep_in_bed":1,"minecraft:total_world_time":66934,"minecraft:fall_one_cm":604},"minecraft:picked_up":{"minecraft:stripped_oak_log":256,"minecraft:oak_slab":1,"minecraft:tripwire_hook":1,"minecraft:oak_stairs":1,"minecraft:gold_block":2,"minecraft:light":1,"minecraft:flint_and_steel":1,"minecraft:tnt":2,"minecraft:polished_andesite":7,"minecraft:stone_bricks":6,"minecraft:cracked_stone_bricks":4,"minecraft:tnt_minecart":2,"minecraft:mossy_stone_bricks":3,"minecraft:powered_rail":1,"minecraft:spruce_trapdoor":256,"minecraft:cobblestone":3,"minecraft:rail":4,"minecraft:crimson_slab":5},"minecraft:used":{"minecraft:birch_fence":1,"minecraft:mossy_stone_bricks":214,"minecraft:light":3,"minecraft:spruce_slab":6,"minecraft:lantern":1,"minecraft:grass_block":41,"minecraft:oak_stairs":36,"minecraft:polished_andesite":227,"minecraft:barrier":1,"minecraft:warped_slab":2,"minecraft:crimson_slab":10,"minecraft:spruce_planks":41,"minecraft:stone":119,"minecraft:spruce_trapdoor":109,"minecraft:structure_void":1,"minecraft:stone_bricks":347,"minecraft:cracked_stone_bricks":231,"minecraft:debug_stick":17,"minecraft:tripwire_hook":1,"minecraft:dirt":61,"minecraft:stripped_crimson_hyphae":12,"minecraft:oak_slab":22,"minecraft:stripped_oak_wood":28,"minecraft:spruce_stairs":31,"minecraft:gold_block":3,"minecraft:white_bed":1,"minecraft:stripped_oak_log":23,"minecraft:stripped_spruce_wood":18}},"DataVersion":2975}