{"stats":{"minecraft:custom":{"minecraft:time_since_rest":14793,"minecraft:sprint_one_cm":28607,"minecraft:damage_taken":10,"minecraft:walk_one_cm":117631,"minecraft:damage_dealt":34,"minecraft:fly_one_cm":294867,"minecraft:crouch_one_cm":807,"minecraft:play_time":42934,"minecraft:deaths":5,"minecraft:sneak_time":1339,"minecraft:jump":193,"minecraft:leave_game":3,"minecraft:time_since_death":14773,"minecraft:total_world_time":42934,"minecraft:fall_one_cm":604},"minecraft:used":{"minecraft:mossy_stone_bricks":211,"minecraft:light":3,"minecraft:lantern":1,"minecraft:grass_block":13,"minecraft:oak_stairs":29,"minecraft:polished_andesite":224,"minecraft:warped_slab":2,"minecraft:crimson_slab":7,"minecraft:spruce_planks":3,"minecraft:stone":112,"minecraft:spruce_trapdoor":91,"minecraft:stone_bricks":304,"minecraft:cracked_stone_bricks":226,"minecraft:dirt":61,"minecraft:stripped_crimson_hyphae":10,"minecraft:oak_slab":15,"minecraft:stripped_oak_wood":19,"minecraft:gold_block":3,"minecraft:stripped_oak_log":23},"minecraft:picked_up":{"minecraft:stripped_oak_log":256,"minecraft:oak_slab":1,"minecraft:oak_stairs":1,"minecraft:gold_block":2,"minecraft:light":1,"minecraft:flint_and_steel":1,"minecraft:tnt":2,"minecraft:polished_andesite":7,"minecraft:stone_bricks":6,"minecraft:cracked_stone_bricks":4,"minecraft:tnt_minecart":2,"minecraft:mossy_stone_bricks":3,"minecraft:spruce_trapdoor":256,"minecraft:cobblestone":3,"minecraft:rail":4,"minecraft:crimson_slab":2}},"DataVersion":2975}