{"stats":{"minecraft:custom":{"minecraft:time_since_rest":755,"minecraft:crouch_one_cm":430,"minecraft:play_time":23977,"minecraft:sprint_one_cm":15954,"minecraft:walk_one_cm":97222,"minecraft:deaths":4,"minecraft:sneak_time":483,"minecraft:jump":119,"minecraft:damage_dealt":34,"minecraft:time_since_death":735,"minecraft:total_world_time":23977,"minecraft:fly_one_cm":143140},"minecraft:used":{"minecraft:stone_bricks":250,"minecraft:cracked_stone_bricks":220,"minecraft:mossy_stone_bricks":209,"minecraft:dirt":61,"minecraft:stripped_crimson_hyphae":10,"minecraft:oak_stairs":1,"minecraft:grass_block":4,"minecraft:polished_andesite":221,"minecraft:warped_slab":2,"minecraft:crimson_slab":7,"minecraft:gold_block":3,"minecraft:stripped_oak_log":6,"minecraft:stone":108,"minecraft:spruce_trapdoor":15},"minecraft:picked_up":{"minecraft:stripped_oak_log":192,"minecraft:polished_andesite":7,"minecraft:stone_bricks":6,"minecraft:cracked_stone_bricks":3,"minecraft:gold_block":1,"minecraft:mossy_stone_bricks":3,"minecraft:spruce_trapdoor":192,"minecraft:crimson_slab":1,"minecraft:cobblestone":3}},"DataVersion":2975}