{"stats":{"minecraft:custom":{"minecraft:time_since_rest":11243,"minecraft:sprint_one_cm":31501,"minecraft:damage_taken":10,"minecraft:walk_one_cm":124122,"minecraft:damage_dealt":34,"minecraft:fly_one_cm":354676,"minecraft:crouch_one_cm":1316,"minecraft:play_time":54934,"minecraft:deaths":5,"minecraft:sneak_time":1844,"minecraft:jump":214,"minecraft:leave_game":3,"minecraft:time_since_death":26773,"minecraft:sleep_in_bed":1,"minecraft:total_world_time":54934,"minecraft:fall_one_cm":604},"minecraft:picked_up":{"minecraft:stripped_oak_log":256,"minecraft:oak_slab":1,"minecraft:oak_stairs":1,"minecraft:gold_block":2,"minecraft:light":1,"minecraft:flint_and_steel":1,"minecraft:tnt":2,"minecraft:polished_andesite":7,"minecraft:stone_bricks":6,"minecraft:cracked_stone_bricks":4,"minecraft:tnt_minecart":2,"minecraft:mossy_stone_bricks":3,"minecraft:powered_rail":1,"minecraft:spruce_trapdoor":256,"minecraft:cobblestone":3,"minecraft:rail":4,"minecraft:crimson_slab":2},"minecraft:used":{"minecraft:birch_fence":1,"minecraft:mossy_stone_bricks":211,"minecraft:light":3,"minecraft:spruce_slab":5,"minecraft:lantern":1,"minecraft:grass_block":30,"minecraft:oak_stairs":36,"minecraft:polished_andesite":225,"minecraft:warped_slab":2,"minecraft:crimson_slab":7,"minecraft:spruce_planks":26,"minecraft:stone":118,"minecraft:spruce_trapdoor":109,"minecraft:structure_void":1,"minecraft:stone_bricks":312,"minecraft:cracked_stone_bricks":226,"minecraft:debug_stick":7,"minecraft:dirt":61,"minecraft:stripped_crimson_hyphae":10,"minecraft:oak_slab":22,"minecraft:stripped_oak_wood":28,"minecraft:spruce_stairs":17,"minecraft:gold_block":3,"minecraft:white_bed":1,"minecraft:stripped_oak_log":23,"minecraft:stripped_spruce_wood":18}},"DataVersion":2975}