{
  "minecraft:recipes/building_blocks/stone_brick_slab": {
    "criteria": {
      "has_stone_bricks": "2024-06-29 23:50:39 +0000"
    },
    "done": true
  },
  "minecraft:recipes/building_blocks/chiseled_stone_bricks": {
    "criteria": {
      "has_tag": "2024-06-29 23:50:39 +0000"
    },
    "done": true
  },
  "minecraft:recipes/building_blocks/stone_brick_stairs": {
    "criteria": {
      "has_stone_bricks": "2024-06-29 23:50:39 +0000"
    },
    "done": true
  },
  "minecraft:adventure/adventuring_time": {
    "criteria": {
      "minecraft:deep_ocean": "2024-06-29 23:30:23 +0000",
      "minecraft:lukewarm_ocean": "2024-06-29 23:27:49 +0000",
      "minecraft:ocean": "2024-06-29 23:30:41 +0000",
      "minecraft:old_growth_birch_forest": "2024-06-29 23:26:32 +0000"
    },
    "done": false
  },
  "DataVersion": 2975
}